config_name,type,description,stored_memories,total_turns,storage_reduction_pct,mean_precision,mean_recall,mean_f1,avg_context_tokens,context_token_reduction_pct,mean_latency_ms,p95_latency_ms,redundant_memory_rate,forgotten_memory_rate,context_relevance_score
baseline_raw_history,Baseline,"Raw conversation history baseline: keeps all messages sequentially, no retrieval filtering",42,42,0.0,0.0333,0.2222,0.0556,44.0,89.91,0.0,0.0,0.0,92.31,0.1362
baseline_vector_only,Baseline,"Dense vector similarity baseline: top-k pure cosine similarity, no metadata signals or drift",42,42,0.0,0.2222,0.9352,0.3428,69.1,84.15,37.56,229.77,0.0,7.69,0.4046
baseline_importance_only,Baseline,Importance-based retrieval baseline: ranks memories purely by intrinsic importance score,42,42,0.0,0.0222,0.1018,0.0298,69.0,84.17,2.22,2.39,0.0,61.54,0.0967
adam_full,Full System,"Full ADAM system: all Phase 1-6 subsystems active (drift, hybrid, 6-signal ranking, budgeting, lifecycle)",26,42,38.1,0.1667,0.713,0.2566,75.8,82.61,11.92,12.78,0.0,23.08,0.3874
ablation_no_importance,Ablation,"ADAM without importance scoring: uniform 0.5 importance, zero importance ranking weight",26,42,38.1,0.1778,0.8241,0.2837,75.9,82.59,12.02,13.05,0.0,15.38,0.4202
ablation_no_tiers,Ablation,"ADAM without tier hierarchy: all memories in single flat tier, zero tier score bonus",26,42,38.1,0.1778,0.8241,0.2837,74.1,83.0,11.74,12.4,0.0,15.38,0.4167
ablation_no_consolidation,Ablation,"ADAM without consolidation: writes all messages as new items, no duplicate/contradiction handling",32,42,23.81,0.1778,0.7685,0.274,70.0,83.94,11.96,12.4,0.0,7.69,0.3617
ablation_no_forgetting,Ablation,"ADAM without forgetting/decay: no Ebbinghaus decay, memories never purged",26,42,38.1,0.1667,0.713,0.2566,75.8,82.61,11.56,12.33,0.0,23.08,0.3874
ablation_no_query_drift,Ablation,ADAM without adaptive query drift: retrieval always searches all tiers without scope narrowing,26,42,38.1,0.1778,0.7685,0.2751,76.1,82.56,11.49,12.24,0.0,23.08,0.4207
ablation_no_multi_signal,Ablation,"ADAM without multi-signal ranking: candidates ranked purely by hybrid score without recency, tier, access, or importance weighting",26,42,38.1,0.1889,0.7963,0.291,73.1,83.23,11.06,12.46,0.0,15.38,0.3765
